Equipe;Jogador;Jogos;Passe certo;Finalização certa;Desarme certo;Cruzamento certo;Interceptação certa;Dribles;Virada de jogo certa;Gols;Assistência gol;Assistência finalização;Defesa;Defesa difícil;Rebatida;Falta cometida;Falta recebida;Impedimentos;Pênaltis sofridos;Pênaltis cometidos;Perda da posse de bola;Cartão amarelo;Cartão vermelho
fluminense;Ganso;33;1715;11;26;21;7;22;5;5;5;63;5;0;8;29;43;0;1;0;62;6;0
atletico-mg;Júnior Alonso;31;1705;2;23;3;9;3;7;0;2;9;9;0;163;15;8;1;0;2;12;4;0
sao-paulo;Rafinha;32;1678;0;46;15;10;2;28;0;3;13;5;0;89;30;21;0;0;0;22;8;1
atletico-mg;Allan;33;1589;12;42;1;13;10;24;0;0;21;6;0;91;48;25;1;0;1;35;10;0
fluminense;Samuel Xavier;33;1570;10;23;21;12;9;3;2;2;28;11;0;80;28;49;3;0;0;58;5;0
palmeiras;Marcos Rocha;28;1477;0;64;12;16;15;33;0;5;32;6;0;82;29;17;0;2;0;23;4;0
fluminense;Nino;30;1398;4;29;0;7;2;7;0;0;8;18;0;157;27;40;2;0;1;15;4;0
atletico-go;Marlon Freitas;36;1398;10;39;6;10;4;38;4;3;41;14;0;50;18;4;2;0;0;41;2;0
fluminense;Manoel;31;1389;4;18;1;5;4;13;4;1;8;19;0;152;21;23;0;0;1;23;5;2
fluminense;Jhon Arias;33;1384;17;34;50;5;22;6;7;10;64;2;0;20;46;53;3;0;0;166;5;0
internacional;Renê;28;1381;1;58;14;21;8;7;0;1;18;5;0;105;19;31;0;0;1;39;0;0
palmeiras;Murilo;32;1360;10;33;0;21;3;14;5;1;8;22;0;199;25;9;2;0;0;5;7;0
avai;Kevin;32;1315;8;50;24;15;3;4;2;1;32;6;0;142;36;21;3;0;0;38;3;0
sao-paulo;Léo;29;1306;0;19;5;6;5;15;0;0;7;7;0;101;25;11;0;0;1;14;4;1
flamengo;Ayrton Lucas;31;1280;9;50;8;10;27;2;2;6;22;7;0;100;42;45;0;0;0;99;4;0
santos;Eduardo Bauermann;33;1273;8;34;0;11;2;7;1;1;3;36;0;261;13;35;1;1;0;7;7;1
coritiba;Luciano Castan;35;1255;2;24;0;15;5;14;2;0;7;39;0;237;27;19;1;0;1;16;7;1
juventude;Rodrigo Soares;35;1237;3;29;29;12;26;20;1;1;29;6;0;115;25;5;0;0;0;47;4;0
internacional;Fabricio Bustos;31;1221;4;48;10;9;8;2;2;3;22;8;0;129;23;11;2;0;1;40;3;0
corinthians;Du Queiroz;36;1218;9;51;8;17;20;10;2;2;21;9;0;23;49;11;1;0;0;109;4;0
bragantino;Natan;32;1198;8;29;4;8;2;16;2;1;10;13;0;228;18;17;1;0;1;17;5;0
atletico-mg;Guilherme Arana;20;1194;6;18;25;5;10;4;0;3;28;4;0;61;26;15;2;0;1;39;4;0
bragantino;Raul;32;1189;1;53;5;21;10;18;0;0;17;12;0;78;35;50;0;0;1;45;3;0
internacional;Gabriel;26;1176;1;76;2;11;0;15;0;0;8;7;0;48;46;26;0;0;0;36;2;0
palmeiras;Gustavo Gómez;30;1167;14;35;1;15;1;5;9;0;5;29;0;251;30;20;6;0;1;16;9;0
sao-paulo;Pablo Maia;32;1155;11;32;2;10;5;16;0;0;10;7;0;54;55;20;0;0;1;30;7;0
internacional;Carlos de Pena;34;1148;21;38;49;25;11;11;5;6;49;4;0;70;29;24;0;0;0;58;6;0
avai;Bruno Cortez;27;1143;2;35;11;6;13;4;0;0;10;6;0;103;20;25;1;0;0;51;7;0
fluminense;Martinelli;28;1114;6;23;3;4;12;6;1;3;21;6;0;34;24;7;0;0;0;62;1;0
avai;Raniele;33;1099;11;48;3;11;20;5;2;0;17;20;0;179;38;83;0;3;0;86;9;0
atletico-go;Jefferson Junio;33;1093;3;26;19;7;4;16;1;2;25;7;0;118;36;22;0;0;0;33;5;0
cuiaba;Marllon;34;1093;3;40;0;14;0;8;0;1;1;23;0;240;26;18;1;0;2;17;3;0
palmeiras;Danilo;34;1090;13;51;3;14;18;15;1;2;24;6;0;69;45;19;1;0;1;64;5;1
flamengo;Matheuzinho;28;1080;2;48;24;11;5;19;1;3;27;9;0;88;23;15;0;0;1;38;4;0
corinthians;Fábio Santos;22;1055;4;32;5;4;1;5;3;0;9;6;0;80;12;14;0;0;0;21;4;0
atletico-mg;Ignacio Fernández;34;1052;28;34;46;17;7;1;4;5;55;1;0;16;22;60;3;2;0;87;7;0
bragantino;Aderlan;31;1052;3;67;45;17;7;7;1;2;57;9;0;117;77;16;5;0;0;57;10;0
ceara;Richard;30;1041;8;52;2;16;8;21;0;1;9;17;0;89;54;35;3;0;0;52;12;1
palmeiras;Joaquín Piquerez;26;1035;5;42;9;21;11;7;0;2;19;4;0;65;21;22;0;0;1;57;5;0
botafogo;Víctor Cuesta;29;1021;7;39;1;24;8;2;4;2;8;22;0;261;28;11;2;0;0;14;8;0
santos;Felipe Jonatan;26;1019;5;18;25;16;25;11;0;2;21;7;0;120;25;22;1;0;0;31;3;0
flamengo;Pablo;23;1013;4;20;0;18;3;1;0;0;3;11;0;143;32;5;1;0;0;13;5;0
palmeiras;Zé Rafael;33;998;16;62;5;14;18;20;3;1;24;2;0;34;50;65;1;0;0;102;12;1
juventude;Jádson;33;995;5;59;5;12;9;12;2;0;26;6;0;28;40;49;1;0;0;65;9;1
corinthians;Gil;25;982;5;23;0;11;3;3;0;1;3;23;0;179;12;6;3;0;1;10;4;0
flamengo;Thiago Maia;24;982;3;30;2;12;2;5;0;0;10;7;0;44;30;6;0;0;0;33;6;0
internacional;Vitão;31;970;4;24;0;2;1;1;2;0;0;29;0;256;14;5;0;0;0;6;1;0
atletico-mg;Nathan Silva;22;965;2;22;0;7;0;3;0;0;1;12;0;137;35;7;0;0;1;7;8;0
bragantino;Lucas Evangelista;34;958;13;36;7;8;11;5;2;2;30;8;0;66;40;57;2;0;0;71;2;1
atletico-go;Baralhas;30;935;17;52;2;14;8;21;4;2;14;8;0;46;40;17;0;0;1;36;12;0
ceara;Bruno Pacheco;28;930;5;47;17;12;13;6;1;2;22;5;0;75;39;48;3;1;1;73;5;1
corinthians;Giuliano;32;925;4;23;3;5;13;5;1;2;23;2;0;25;15;15;2;0;0;59;2;0
athletico-pr;Abner Vinícius;28;923;3;34;14;11;5;3;1;3;29;4;0;96;26;10;1;0;0;34;6;0
bragantino;Luan Cândido;32;911;31;27;4;9;8;0;11;2;20;9;0;157;40;13;9;0;4;44;4;2
atletico-mg;Jair;31;907;7;58;9;18;8;7;1;4;16;3;0;28;45;31;0;0;1;54;5;0
flamengo;Everton Ribeiro;30;901;14;26;22;15;24;6;2;4;38;0;0;11;31;62;1;0;0;73;0;0
botafogo;Tchê Tchê;29;899;4;21;0;9;6;8;1;0;12;2;0;27;41;42;0;1;0;33;3;0
cuiaba;Pepê;30;899;10;50;23;11;11;19;1;0;42;1;0;41;39;43;0;0;0;73;4;0
botafogo;Daniel Borges;26;897;3;28;29;5;8;11;1;3;28;2;0;84;21;13;1;0;0;45;4;1
atletico-go;Wanderson;28;897;1;10;0;2;1;9;0;0;5;21;0;217;19;6;2;0;0;5;2;0
internacional;Edenílson;31;894;14;25;21;9;7;12;6;3;34;1;0;35;17;22;1;1;0;72;3;0
flamengo;David Luiz;19;884;7;8;0;6;0;1;0;0;5;10;0;87;25;5;2;0;0;14;4;0
atletico-mg;Mariano;25;880;0;41;32;12;6;14;0;2;28;1;0;54;18;13;1;0;0;24;5;0
internacional;Gabriel Mercado;26;873;4;31;0;6;0;1;0;0;5;15;0;136;22;18;2;1;0;6;9;1
bragantino;Léo Ortiz;22;868;2;17;6;13;9;22;1;2;11;21;0;177;14;8;1;0;0;14;4;0
corinthians;Fausto Vera;18;866;5;39;1;9;8;11;0;0;6;9;0;57;15;13;0;0;2;31;5;0
corinthians;Raul Gustavo;20;866;3;21;1;11;0;6;2;1;3;11;0;156;15;18;0;0;1;14;3;0
flamengo;Gomes;29;861;5;68;0;9;5;6;0;1;14;2;0;39;55;50;0;0;0;55;8;0
atletico-mg;Guga;22;856;1;44;14;12;5;3;0;2;18;3;0;78;19;21;1;0;0;29;1;0
america-mg;Juninho;35;837;13;41;11;19;9;7;5;5;40;12;0;58;33;35;4;1;1;105;5;0
fortaleza;Titi;34;836;0;32;1;12;4;2;0;0;2;8;0;177;54;27;2;0;0;22;5;0
america-mg;Alê;28;831;5;37;2;15;7;13;2;3;16;5;0;52;45;50;0;0;2;50;2;1
corinthians;Lucas Piton;28;829;2;42;23;16;11;10;1;3;16;4;0;73;40;10;1;0;0;51;2;0
corinthians;Renato Augusto;25;814;12;27;14;8;7;11;1;3;32;2;0;12;16;23;2;0;0;55;0;0
corinthians;Roger Guedes;36;811;35;3;9;2;29;26;10;2;33;2;0;14;16;55;10;0;0;117;6;0
cuiaba;Alan Empereur;28;807;1;19;0;4;2;3;1;0;3;14;0;163;20;22;1;0;0;9;9;1
sao-paulo;Diego;21;802;1;30;3;10;6;16;1;0;6;11;0;131;35;9;0;0;1;13;7;0
bragantino;Artur;33;800;30;19;46;12;36;4;6;6;65;7;0;19;18;51;12;0;0;121;3;0
america-mg;Marlon;29;798;6;44;18;20;14;3;0;1;27;12;0;87;34;31;0;0;0;38;5;1
santos;Camacho;26;797;5;45;3;6;2;4;1;1;10;11;0;51;38;7;0;0;0;12;8;0
fluminense;Nonato;17;794;3;18;9;11;7;0;0;2;19;2;0;26;16;33;1;0;0;26;3;1
flamengo;Léo Pereira;13;792;2;12;4;6;0;4;0;0;6;6;0;54;15;9;2;0;1;4;4;0
palmeiras;Dudu;38;792;30;10;20;20;37;20;7;8;58;1;0;11;16;64;4;0;0;119;2;0
atletico-mg;Otávio;24;789;1;31;0;4;3;5;0;0;3;3;0;38;26;6;0;0;0;10;2;0
botafogo;Lucas Fernandes;24;787;16;12;22;7;20;13;2;3;29;4;0;15;29;27;0;0;0;57;3;0
avai;Bressan;21;781;1;10;1;8;2;13;0;0;4;20;0;151;24;9;0;0;1;3;5;0
sao-paulo;Igor Gomes;33;779;4;19;23;11;14;15;0;4;38;3;0;22;34;29;3;0;0;56;5;1
sao-paulo;Rodrigo Nestor;29;771;15;32;20;16;12;2;3;3;30;3;0;16;40;15;2;0;0;86;7;0
sao-paulo;Wellington;32;768;7;37;36;7;21;2;0;6;29;0;0;55;18;31;1;0;0;60;4;1
goias;Dieguinho;34;766;4;38;24;25;21;3;2;5;17;15;0;99;34;77;1;1;0;104;4;0
fluminense;Caio Paulista;27;765;12;21;9;5;24;0;1;3;13;5;0;40;10;23;2;0;0;91;3;1
santos;Maicon;23;761;4;30;3;5;5;21;0;1;5;23;0;164;8;7;2;0;0;12;1;0
santos;Madson;27;753;4;29;13;14;0;2;3;2;20;16;0;111;19;20;1;0;0;28;6;0
ceara;Vinícius;31;745;26;2;47;8;11;16;3;2;67;1;0;15;11;38;6;1;0;62;9;2
atletico-go;Wellington Rato;36;745;33;27;22;7;21;31;8;3;43;2;0;33;32;52;5;0;0;104;3;0
atletico-mg;Everson;37;741;0;0;0;0;0;0;0;0;2;62;19;45;0;4;0;0;0;0;5;0
athletico-pr;Pedro Henrique;28;740;6;40;2;16;1;10;0;1;9;20;0;236;22;22;0;0;0;10;7;0
botafogo;Fernando Marçal;18;739;5;27;43;13;12;5;1;2;43;3;0;84;26;18;0;0;0;31;6;0
santos;Vinicius Zanocelo;28;738;16;34;2;11;4;16;3;0;20;5;0;51;44;12;2;0;2;40;9;0
atletico-mg;Federico Zaracho;26;735;13;50;4;14;6;4;2;2;25;0;0;20;33;26;1;0;0;84;3;0
ceara;Richardson;31;733;1;53;1;10;4;15;0;0;12;2;0;46;65;37;0;0;1;31;14;1
ceara;Nino Paraíba;33;726;2;37;43;13;20;8;1;1;34;3;0;113;32;43;1;1;0;85;11;0
atletico-go;Edson Felipe;17;712;1;26;0;9;0;1;0;0;2;15;0;116;11;15;1;1;1;11;5;0
palmeiras;Mayke;28;711;8;28;14;8;10;2;3;0;26;5;0;66;17;11;3;0;0;30;2;0
ceara;Lima;31;702;12;31;15;10;9;6;3;0;29;3;0;25;26;53;3;0;0;78;2;1
cuiaba;Joaquim;25;700;8;39;1;8;1;5;1;1;5;12;0;224;26;20;1;0;0;19;4;0
juventude;Yuri Lima;22;697;6;20;2;11;6;4;0;0;15;7;0;16;45;14;0;0;0;31;6;1
coritiba;Henrique;18;696;4;13;1;5;0;8;0;0;1;21;0;99;13;5;1;0;2;5;5;1
america-mg;Patric;30;693;5;29;47;6;6;4;0;0;36;5;0;96;28;21;4;0;0;48;6;0
fortaleza;Marcelo Benevenuto;31;687;7;25;0;12;5;2;0;1;2;21;0;284;19;20;0;0;2;18;5;0
athletico-pr;Khellven;28;682;6;32;22;15;12;5;1;2;25;6;0;104;33;21;0;0;1;55;1;0
ceara;Victor Luis;24;679;3;16;13;5;2;5;0;0;13;6;0;69;25;22;0;0;0;39;1;0
internacional;Alan Patrick;26;676;23;9;17;4;14;3;6;4;43;0;0;5;20;41;1;0;0;72;3;0
atletico-go;Dudu;22;675;5;31;22;8;10;2;1;2;27;11;0;62;11;14;2;0;0;41;1;0
goias;Caetano;26;674;4;24;0;14;2;5;1;0;8;18;0;166;23;10;0;0;2;10;1;0
coritiba;Willian Farias;21;673;0;35;2;9;12;14;0;0;15;5;0;34;12;25;0;0;0;35;7;0
botafogo;Saravia;25;669;2;57;6;11;18;1;0;2;13;3;0;66;35;42;0;0;0;78;10;0
avai;Arthur Chaves;17;668;2;18;0;5;1;1;1;0;2;16;0;135;13;10;1;0;3;7;5;0
fortaleza;José Welison;27;665;7;34;5;12;7;14;2;0;14;6;0;60;40;17;0;0;0;40;6;0
flamengo;Arturo Vidal;15;661;4;20;5;10;2;14;2;1;15;2;0;13;19;10;0;0;1;11;2;0
juventude;Rafael Forster;19;653;4;27;2;8;5;4;0;0;5;15;0;157;13;14;0;0;0;8;1;0
fluminense;Fábio;38;651;0;0;0;0;2;1;0;0;1;77;36;53;0;5;0;0;0;0;2;0
bragantino;Cleiton;37;650;0;1;0;0;0;1;0;0;4;88;27;69;0;11;0;0;2;0;3;0
goias;Reynaldo;32;649;2;40;0;8;1;2;0;0;5;19;0;279;34;8;0;0;0;7;4;0
juventude;Chico;33;647;14;39;35;12;17;11;1;2;44;3;0;29;53;67;3;0;0;80;3;1
internacional;Johnny;24;643;10;38;2;15;11;3;3;2;17;8;0;55;28;17;1;0;1;52;5;0
america-mg;Lucas Kal;28;639;8;20;0;13;2;7;0;0;15;9;0;96;30;10;0;0;0;43;3;0
flamengo;Fabrício Bruno;13;632;2;8;2;1;0;9;2;1;1;4;0;87;8;9;0;0;0;4;5;0
palmeiras;Weverton;34;631;0;1;0;0;0;0;0;0;1;71;17;37;0;4;0;0;0;3;0;0
juventude;Thalisson Kelven;25;627;3;13;1;5;1;1;0;0;2;24;0;160;17;8;0;0;0;10;3;0
ceara;Luiz Otávio;23;626;2;24;0;14;1;2;1;0;5;18;0;163;18;10;1;1;3;10;7;1
atletico-mg;Réver;15;623;1;8;0;3;1;5;1;0;1;5;0;88;8;6;0;0;1;6;2;0
atletico-go;Jorginho;30;623;9;21;18;4;22;13;3;0;40;1;0;24;16;30;6;0;0;48;8;1
corinthians;Rafael Ramos;20;622;1;31;7;10;11;2;0;1;11;2;0;68;21;15;0;0;0;18;3;0
sao-paulo;Luciano;31;616;32;20;4;3;8;19;11;2;20;2;0;11;24;33;10;1;0;66;9;0
juventude;Vitor Mendes;19;615;4;18;0;9;0;1;1;0;3;9;0;168;15;15;0;0;1;9;10;1
santos;Lucas Pires;20;611;7;29;31;9;22;1;0;0;25;5;0;44;16;10;1;0;0;62;2;1
cuiaba;Rafael Gava;29;607;12;22;49;5;3;4;1;2;42;3;0;24;29;21;4;0;0;56;2;1
avai;Eduardo;31;606;9;24;5;3;11;5;1;2;22;2;0;23;45;36;1;0;0;72;6;0
flamengo;Arrascaeta;24;605;21;30;50;7;18;6;3;9;45;0;0;6;9;47;2;1;0;82;1;0
juventude;Paulo Miranda;19;602;3;3;0;11;1;2;0;0;1;14;0;143;15;7;0;0;3;9;5;0
atletico-go;Ramon Menezes;14;594;4;5;0;4;0;5;0;0;1;5;0;115;10;0;0;0;0;3;2;0
botafogo;Kanu;19;589;2;11;0;9;2;3;0;0;2;11;0;123;15;13;0;0;0;5;5;0
sao-paulo;Patrick;31;589;8;49;19;12;20;4;5;4;22;0;0;24;30;38;3;0;0;122;6;0
corinthians;Cantillo;19;585;0;20;9;11;0;16;0;0;5;3;0;36;11;21;0;0;0;9;1;0
ceara;Gabriel Lacerda;26;585;0;16;1;4;1;6;0;0;1;14;0;171;15;3;0;0;1;8;4;0
cuiaba;Camilo;24;584;2;28;2;7;4;5;0;0;7;6;0;70;22;11;0;0;0;29;3;0
coritiba;Matheus Alexandre;21;569;0;35;15;14;7;5;0;0;11;7;0;59;18;5;1;0;0;20;5;0
athletico-pr;Hugo Moura;25;564;6;34;1;14;5;14;1;0;10;4;0;56;29;19;1;0;2;30;5;1
botafogo;Philipe Sampaio;16;561;0;12;0;5;1;1;0;0;0;16;0;127;18;8;2;0;1;4;4;2
cuiaba;Uendel;16;561;2;9;14;6;2;1;1;1;14;1;0;52;10;7;0;0;0;20;0;0
flamengo;Gabriel;29;554;28;4;18;2;6;6;11;1;31;0;0;2;10;18;17;1;0;55;11;1
avai;Rafael Vaz;18;554;4;13;2;3;2;6;0;0;3;17;0;126;6;6;0;0;1;6;2;0
america-mg;Felipe Azevedo;36;553;19;27;12;9;16;10;4;1;35;0;0;32;34;32;3;0;0;122;3;1
bragantino;Jadsom Silva;29;548;0;17;0;13;2;5;0;1;11;7;0;46;27;10;0;0;0;29;8;0
america-mg;Everaldo;29;548;20;26;28;10;21;4;4;2;37;1;0;6;31;51;4;0;0;85;6;0
sao-paulo;Igor Vinícius;23;543;2;37;18;7;15;1;1;2;17;3;0;28;16;12;0;0;0;53;2;0
corinthians;Fagner;17;539;0;26;16;4;12;0;0;2;10;3;0;34;15;10;2;0;0;11;3;0
ceara;Messias;25;539;4;11;1;6;1;2;0;0;4;17;0;223;22;7;0;0;1;4;4;0
avai;William Pottker;27;537;16;16;12;6;22;7;3;1;30;0;0;23;23;46;13;4;1;147;6;0
sao-paulo;Reinaldo;28;536;5;14;39;7;9;12;3;5;34;0;0;40;16;12;1;0;0;53;3;0
bragantino;Kevin Lomónaco;16;529;0;17;1;3;5;8;0;0;6;7;0;63;14;9;1;0;0;9;3;0
athletico-pr;Erick;31;528;8;43;1;13;4;7;3;0;11;12;0;56;30;15;0;0;0;37;2;0
corinthians;Adson;25;525;8;33;4;9;23;0;3;0;12;0;0;14;25;20;3;0;0;76;2;0
corinthians;Bruno Méndez;24;522;1;29;0;8;4;1;0;1;1;8;0;80;9;5;1;0;0;12;1;1
athletico-pr;Nicolás Hernández;20;520;0;29;0;8;1;7;0;0;2;16;0;113;19;5;0;0;0;4;3;0
santos;João Paulo;37;518;0;1;0;0;4;1;0;0;0;98;36;52;0;7;0;0;0;1;5;0
palmeiras;Luan;16;515;0;15;1;6;0;5;0;2;3;8;0;92;21;10;1;0;0;8;2;0
coritiba;Egídio;21;513;8;21;27;13;3;7;1;2;20;2;0;44;12;18;2;0;1;30;1;1
santos;Lucas Braga;33;513;20;20;13;7;43;2;5;1;17;0;0;29;24;70;4;0;0;100;3;0
sao-paulo;Miranda;15;510;2;19;0;5;4;0;0;0;1;7;0;105;14;9;0;0;0;6;4;0
fluminense;Matheus Martins;30;507;13;15;10;9;19;4;3;5;14;1;0;8;19;41;14;2;0;105;2;0
corinthians;Cássio;34;506;0;1;0;0;0;0;0;0;0;84;26;47;0;6;0;0;0;1;2;0
america-mg;Raúl Cáceres;26;506;3;25;24;6;1;1;1;2;19;5;0;87;22;6;3;0;0;19;1;0
internacional;Mauricio;32;498;14;11;14;6;7;2;6;5;28;0;0;19;7;29;3;0;0;44;2;0
coritiba;Alef Manga;35;495;36;39;20;7;35;13;9;5;42;1;0;19;31;20;24;0;0;98;13;1
flamengo;Diego;19;494;2;16;4;5;4;5;1;0;6;5;0;23;19;19;1;0;1;17;3;0
goias;Maguinho;31;492;1;29;12;8;18;1;0;0;13;6;0;95;42;20;2;1;1;59;10;0
avai;Jean Pyerre;23;491;3;4;1;2;4;1;1;0;8;0;0;2;4;13;1;0;0;21;2;0
flamengo;Filipe Luís;10;489;0;15;7;9;4;8;0;0;8;1;0;13;7;10;0;0;0;9;1;0
botafogo;Adryelson;17;488;4;9;0;6;0;3;0;0;2;11;0;181;10;4;2;0;0;4;1;0
flamengo;Rodinei;16;485;2;20;6;4;12;0;0;1;6;3;0;24;4;11;0;0;0;37;0;1
atletico-mg;Jemerson;12;485;1;15;0;1;0;2;0;0;3;3;0;65;22;5;1;0;0;5;6;0
atletico-go;Shaylon;28;485;13;11;30;3;7;3;3;0;27;1;0;19;14;4;2;0;0;33;3;0
coritiba;Jesus Trindade;17;484;3;26;18;5;2;5;0;1;16;4;0;21;12;7;0;0;0;27;3;0
coritiba;Natanael;25;481;0;38;11;7;7;2;0;2;9;7;0;61;23;25;0;0;0;49;3;0
flamengo;Willian Arão;14;479;6;7;1;8;1;9;2;0;6;9;0;41;12;6;0;0;0;6;1;0
juventude;Moraes;19;479;7;24;12;19;10;0;1;2;8;5;0;53;12;15;3;0;0;54;4;0
ceara;João Ricardo;35;478;0;1;0;0;0;1;0;0;2;107;14;63;0;1;0;0;0;3;5;0
coritiba;Bruno Gomes;18;477;4;31;5;9;6;5;1;0;15;6;0;26;29;48;0;0;0;58;3;0
ceara;Stiven Mendoza;29;471;37;15;17;7;32;10;10;1;34;0;0;10;29;55;13;0;0;126;6;0
bragantino;Helinho;31;470;15;20;18;12;17;2;4;1;29;1;0;29;36;21;4;0;0;90;8;0
athletico-pr;David Terans;31;468;33;10;34;3;20;8;12;4;34;0;0;8;23;22;7;0;0;99;3;0
palmeiras;Gabriel Menino;27;468;8;25;13;5;4;8;2;1;17;1;0;29;13;19;1;0;0;35;3;1
corinthians;Fabián Balbuena;13;467;5;13;0;7;1;0;3;0;1;9;0;119;7;4;0;0;1;4;2;0
athletico-pr;Thiago Heleno;13;463;1;8;0;8;0;4;0;0;4;13;0;76;10;4;0;0;0;3;4;1
atletico-go;Hayner;19;463;2;12;14;10;25;5;0;2;16;3;0;74;28;32;7;1;0;51;8;1
athletico-pr;Matheus Felipe;23;462;4;26;1;7;0;3;2;0;5;16;0;146;21;5;0;0;0;8;3;0
atletico-go;Willian Maranhão;22;456;0;17;2;3;1;11;0;0;9;13;0;62;23;11;1;0;1;17;7;1
fortaleza;Caio Alexandre;12;453;1;29;1;5;0;1;1;0;8;2;0;23;24;12;0;0;0;18;3;1
juventude;Elton;18;450;1;19;0;9;2;6;0;1;9;6;0;42;25;10;1;0;0;18;5;0
sao-paulo;Luizão;14;449;2;16;1;5;0;3;1;0;2;8;0;79;11;4;0;0;0;4;5;0
america-mg;Germán Conti;23;449;3;15;0;6;0;3;0;0;2;17;0;205;15;2;0;0;0;4;1;0
fortaleza;Emanuel Brítez;20;446;2;36;2;8;3;2;1;3;8;7;0;130;38;12;4;0;0;12;1;0
avai;Vladimir;23;444;0;1;0;0;0;0;0;0;0;51;28;18;0;2;0;0;1;0;3;0
botafogo;Victor Sá;27;441;7;28;8;8;23;7;2;0;37;2;0;13;19;33;3;0;0;90;3;0
botafogo;Luís Oyama;16;440;2;26;3;11;8;5;0;0;10;2;0;21;22;21;0;0;0;34;1;0
atletico-go;Lucas Gazal;15;440;3;5;2;2;1;7;1;0;1;10;0;114;19;2;1;0;0;2;1;1
atletico-mg;Keno;29;436;19;29;27;5;43;10;4;1;42;2;0;11;21;30;6;0;0;104;5;0
internacional;Rodrigo Moledo;20;435;6;26;1;5;0;0;0;0;2;15;0;118;10;12;1;1;0;11;3;0
goias;Auremir;25;433;2;29;0;6;1;1;0;0;4;6;0;57;35;16;0;0;0;28;5;0
fortaleza;Lucas Lima;22;433;5;12;28;3;2;7;0;2;29;2;0;1;20;23;3;1;0;47;4;0
fluminense;Yago Felipe;21;432;8;19;9;9;2;5;0;0;13;5;0;19;15;32;4;0;0;58;3;0
cuiaba;Igor Cariús;17;431;0;19;10;14;2;2;0;0;6;5;0;66;22;13;1;0;0;26;6;1
sao-paulo;Jonathan Calleri;36;428;41;14;3;4;9;2;18;2;28;1;0;42;42;68;28;0;1;164;5;0
flamengo;Victor Hugo;21;427;7;14;3;5;10;3;2;3;13;5;0;24;6;13;1;0;0;38;1;0
avai;Lucas Ventura;21;425;4;30;0;2;1;1;0;0;8;2;0;29;24;26;0;0;1;28;5;0
ceara;Fernando Sobral;23;425;9;19;0;4;5;12;1;0;6;4;0;25;14;15;0;0;0;24;2;0
ceara;Michel Macedo;17;425;2;15;4;4;2;1;0;1;5;5;0;48;12;14;1;0;0;18;2;0
athletico-pr;Pedrinho;21;424;1;17;10;10;8;6;0;2;17;2;0;64;20;8;1;0;0;47;4;0
atletico-go;Arthur Henrique;22;422;0;24;9;6;8;1;0;0;13;3;0;40;13;10;0;0;0;37;0;1
bragantino;Eric Ramires;25;420;4;28;3;1;7;3;1;0;11;0;0;29;17;10;0;1;1;47;1;2
coritiba;Robinho;19;419;1;16;11;2;2;6;0;2;25;0;0;5;13;14;2;0;0;26;2;0
athletico-pr;Tomás Cuello;31;418;11;33;8;7;16;8;2;4;25;2;0;18;27;35;6;0;0;100;4;1
fortaleza;Hércules;28;418;12;26;4;9;4;5;4;1;14;2;0;25;17;11;1;0;0;33;1;0
atletico-go;Diego Churín;36;418;24;31;3;6;4;8;7;0;23;1;0;23;49;52;5;0;0;90;6;0
goias;Dadá Belmonte;33;417;14;36;25;7;30;11;2;6;29;4;0;31;52;71;3;0;0;127;10;1
internacional;Wanderson;26;417;20;5;13;1;25;0;6;3;21;0;0;5;18;17;3;0;0;68;3;0
corinthians;Robert Renan;10;416;0;15;0;6;5;3;0;0;0;4;0;90;6;3;0;0;0;9;2;0
fortaleza;Felipe;12;413;0;17;0;6;1;6;0;1;10;1;0;26;14;14;0;0;0;16;2;1
goias;Fellipe Bastos;25;410;10;17;14;5;8;2;0;2;18;3;0;36;20;14;0;0;1;15;10;1
fluminense;Nathan;24;408;12;14;11;0;1;0;2;2;13;0;0;12;16;10;1;0;0;36;3;0
fortaleza;Tinga;17;408;5;23;6;7;8;2;0;2;13;6;0;91;15;9;1;0;0;20;3;0
atletico-mg;Eduardo Vargas;24;406;16;8;1;6;13;10;5;3;15;1;0;4;14;17;6;0;0;72;2;0
corinthians;Maycon;16;405;0;9;12;7;2;9;0;0;10;1;0;20;11;6;0;0;0;8;4;0
sao-paulo;Nahuel Ferraresi;9;404;1;24;0;3;5;0;0;0;4;5;0;56;8;11;0;0;1;4;1;1
fortaleza;Lucas Crispim;23;404;1;12;23;4;2;2;1;1;18;0;0;35;13;14;1;0;0;17;4;0
atletico-mg;Rubens;29;402;7;54;7;10;17;2;1;0;10;2;0;49;26;18;0;0;0;48;3;0
fortaleza;Moisés;37;402;23;16;3;8;32;6;7;3;28;1;0;24;10;21;6;0;0;136;0;0
santos;Sandry;22;401;2;21;7;6;0;13;0;1;10;1;0;11;13;8;0;0;1;3;2;0
athletico-pr;Orejuela;15;400;1;22;7;6;12;3;1;1;4;1;0;40;17;19;0;0;0;24;1;0
botafogo;Hugo Neto;16;398;3;26;8;10;8;5;1;0;13;1;0;63;19;11;0;0;0;33;4;1
palmeiras;Raphael Veiga;19;398;13;18;15;4;19;6;3;3;20;1;0;7;18;33;4;0;0;59;1;0
juventude;Paulo Henrique;26;394;4;38;25;6;28;7;2;1;28;0;0;37;32;13;3;0;1;65;3;0
america-mg;Matheusinho;28;392;10;25;15;11;25;4;2;1;34;1;0;9;18;34;3;0;0;78;3;1
athletico-pr;Fernandinho;13;390;4;9;4;4;5;6;1;2;19;3;0;19;26;15;1;0;0;29;5;0
botafogo;Jeffinho;24;389;21;26;1;10;38;0;2;3;23;0;0;8;24;34;1;0;0;128;3;0
juventude;César;25;388;0;0;0;0;0;0;0;0;1;65;12;49;0;4;0;0;0;2;2;0
botafogo;Gatito Fernández;32;385;0;0;0;0;0;0;0;0;0;61;30;29;0;6;0;0;0;2;1;0
goias;Matheus Sales;31;384;2;36;4;4;3;1;0;0;7;16;0;53;23;12;0;0;1;29;5;0
goias;Caio Vinícius;27;384;1;28;1;12;6;1;0;0;6;5;0;42;41;29;2;0;1;39;7;1
fortaleza;Lucas Sasha;19;384;5;54;0;11;0;0;1;0;4;3;0;49;21;16;1;0;0;25;2;0
flamengo;Rodrigo Caio;8;383;1;6;0;1;0;0;0;0;0;6;0;42;3;4;0;0;0;1;0;0
atletico-mg;Igor Rabello;7;375;2;11;0;9;1;2;1;1;2;6;0;46;7;3;0;0;0;1;1;0
atletico-go;Edson Fernando;25;369;1;23;3;5;9;5;0;0;2;5;0;29;19;23;0;0;0;26;8;0
america-mg;Matheus Cavichioli;25;368;0;1;0;0;2;0;0;0;0;72;22;49;1;4;0;0;1;1;1;0
flamengo;Everton;20;367;18;16;10;1;35;1;2;5;26;1;0;6;16;19;0;0;0;101;0;1
atletico-go;Luiz Fernando;29;367;17;22;7;6;12;5;2;4;19;2;0;20;26;38;11;0;0;63;7;2
fluminense;Felipe Melo;24;366;0;8;0;2;1;7;0;0;3;8;0;55;15;14;0;0;0;4;6;0
ceara;Rodrigo Lindoso;13;365;2;9;0;8;0;16;0;1;8;6;0;27;11;13;0;0;0;12;6;0
sao-paulo;Jandrei;19;363;0;0;0;0;1;0;0;0;1;35;12;26;0;3;0;0;0;0;0;0
atletico-mg;Dodô;13;363;2;19;4;2;3;1;1;0;10;0;0;26;10;7;1;0;0;15;1;0
botafogo;Eduardo;14;362;6;14;1;7;6;3;3;1;9;1;0;19;21;28;0;0;0;22;3;0
avai;Guilherme Bissoli;32;356;26;15;1;6;8;2;14;0;19;1;0;19;52;28;11;1;0;107;6;0
cuiaba;Walter;28;354;0;2;0;1;0;0;0;0;0;80;25;28;0;3;0;0;0;2;0;0
flamengo;Santos;19;353;0;1;0;0;0;0;0;0;1;55;4;18;0;2;0;0;0;0;1;0
goias;Vinícius;25;350;9;19;16;6;26;7;2;4;35;3;0;22;18;19;6;0;0;95;1;0
juventude;Isidro Pitta;32;349;25;3;3;3;19;2;5;2;16;1;0;17;27;52;19;0;0;105;2;0
santos;Luiz Felipe;13;348;1;11;0;5;1;0;1;1;2;8;0;87;13;3;1;0;0;2;3;0
sao-paulo;Arboleda;8;347;3;13;0;3;1;2;0;0;0;6;0;79;9;3;0;0;0;6;1;0
sao-paulo;Gabriel Neves;10;346;0;10;0;9;1;3;0;0;5;0;0;14;11;1;0;0;0;10;4;0
cuiaba;André Luis;33;346;11;26;8;0;12;0;3;0;26;2;0;12;31;54;3;3;0;79;6;0
juventude;William Matheus;14;345;2;9;3;2;1;0;0;0;5;3;0;74;12;6;0;0;2;11;4;1
sao-paulo;Alisson;15;343;7;12;14;3;5;2;1;2;8;1;0;10;14;16;0;0;0;25;5;0
cuiaba;Valdívia;27;343;13;16;12;5;14;0;2;0;19;1;0;12;17;26;2;0;0;65;4;1
cuiaba;Marcão Silva;26;337;5;20;2;6;4;4;0;0;5;5;0;57;25;4;0;0;0;22;1;0
fortaleza;Brayan Ceballos;16;336;3;23;0;4;2;1;0;0;2;6;0;107;14;3;1;0;0;14;8;1
athletico-pr;Bento;33;334;0;1;0;0;1;0;0;0;4;88;22;38;0;3;0;0;0;0;3;0
goias;Elvis;13;332;7;5;16;1;4;3;4;2;14;0;0;3;13;13;0;0;0;15;4;0
fortaleza;Yago Pikachu;14;332;12;11;12;5;4;5;4;0;19;2;0;24;11;30;3;0;0;33;3;0
fortaleza;Romarinho;26;332;7;11;8;2;30;2;3;3;18;0;0;10;18;32;3;0;0;68;3;1
internacional;Taison;20;328;5;10;8;4;9;2;1;1;12;0;0;1;8;24;3;0;0;27;6;0
coritiba;Jhon Chancellor;13;327;3;6;0;4;1;0;0;0;1;9;0;90;13;2;1;0;0;3;3;0
atletico-mg;Eduardo Sasha;27;327;15;12;0;3;5;3;3;1;19;0;0;7;11;21;3;0;0;38;1;0
cuiaba;Rodriguinho;33;325;14;9;3;3;11;3;3;2;17;1;0;8;15;24;6;0;0;80;0;0
botafogo;Gabriel Pires;14;324;6;11;5;7;4;2;2;0;9;1;0;14;11;10;0;0;1;29;3;0
botafogo;Patrick de Paula;18;324;8;17;3;10;4;9;1;0;4;4;0;21;14;24;0;0;1;27;4;0
atletico-mg;Ademir;35;324;13;28;13;5;25;5;2;1;26;0;0;11;19;58;13;1;0;87;4;0
flamengo;Andreas Pereira;13;323;7;8;9;4;3;3;2;1;10;0;0;18;14;8;1;0;0;18;2;0
fluminense;Cristiano;14;319;5;17;7;3;2;1;0;1;4;1;0;39;9;12;0;0;0;21;1;0
cuiaba;Denilson Alves;12;318;0;20;1;2;3;1;0;0;4;1;0;9;19;16;0;0;0;17;4;0
coritiba;Igor Paixão;18;317;14;12;17;6;36;6;4;4;24;2;0;23;10;43;0;0;0;87;3;0
athletico-pr;Vitor Bueno;21;316;8;10;4;3;8;6;4;1;14;4;0;7;10;20;1;0;0;44;2;0
flamengo;Marinho;25;315;16;14;22;7;26;6;4;5;24;1;0;10;21;71;6;2;0;86;6;1
fluminense;Calegari;10;315;0;10;3;2;1;1;0;1;6;3;0;24;6;17;0;0;0;20;1;0
avai;Renato;16;315;6;10;15;4;5;0;0;0;18;2;0;31;11;25;5;0;0;30;2;0
goias;Lucas Halter;17;313;5;12;0;1;0;0;0;0;0;18;0;103;6;1;1;0;0;3;2;0
internacional;Pedro Henrique;32;310;25;29;14;6;27;6;7;3;19;0;0;21;39;46;18;1;0;77;6;0
fluminense;Wellington;11;308;0;6;0;1;2;2;0;1;4;4;0;17;9;5;0;0;0;17;3;0
fortaleza;Ronald;20;307;1;18;2;3;6;2;0;0;10;0;0;12;22;9;0;0;0;50;5;0
goias;Pedro Raúl;34;306;44;8;1;6;15;1;19;2;20;4;0;39;49;32;20;0;0;131;8;0
america-mg;Martín Benítez;15;306;11;3;23;3;12;3;1;3;27;1;0;9;7;24;1;0;0;32;2;0
sao-paulo;Felipe Alves;18;301;0;0;0;0;1;0;0;0;0;39;19;31;0;0;0;0;1;1;1;0
athletico-pr;Vitinho;25;301;16;11;4;2;9;1;2;0;9;0;0;15;23;27;7;0;0;71;3;1
athletico-pr;Agustín Canobbio;25;301;9;16;8;7;8;0;2;0;18;0;0;12;25;33;3;1;0;72;2;0
cuiaba;Kelvin Osorio;18;301;2;16;19;3;3;1;0;0;17;0;0;22;18;5;2;0;1;16;2;0
internacional;Alexandre Alemão;34;300;21;16;7;5;25;1;8;5;20;0;0;9;56;62;2;3;0;155;3;0
avai;Natanael Pimenta;16;300;7;27;27;6;9;6;1;4;11;2;0;43;15;13;3;0;0;28;0;0
bragantino;Ramon;15;298;2;11;3;0;7;2;0;1;6;4;0;37;14;7;0;0;0;27;4;2
coritiba;Bernardo;19;293;0;21;1;3;1;1;0;0;7;3;0;31;20;17;0;0;0;40;1;0
cuiaba;Daniel Guedes;14;293;0;11;16;3;6;7;0;4;9;1;0;19;13;5;3;0;0;26;3;0
juventude;Capixaba;27;292;6;35;14;13;14;0;1;1;16;1;0;28;25;42;0;0;0;84;6;0
corinthians;Gustavo Mantuan;14;290;7;16;4;5;14;4;3;1;6;2;0;22;8;11;3;0;0;46;0;0
corinthians;Willian;14;289;7;16;6;6;29;8;0;2;11;0;0;5;6;30;2;0;0;43;1;0
coritiba;Rafael Santos;15;288;2;20;14;6;2;1;0;0;9;2;0;63;8;7;0;0;0;21;2;0
athletico-pr;Alex Santana;13;288;5;10;0;5;7;4;2;0;9;2;0;19;18;10;1;0;0;17;4;0
corinthians;Roni;19;283;3;19;1;4;1;2;0;1;3;2;0;13;14;6;0;0;1;20;5;1
coritiba;Fabrício Daniel;28;283;12;29;6;8;26;2;3;4;19;1;0;19;17;41;1;0;0;96;3;0
santos;Emiliano Velázquez;9;283;0;12;0;3;0;4;0;0;2;2;0;48;2;2;0;0;1;3;0;0
bragantino;Sorriso;31;283;10;19;7;7;11;0;2;1;14;4;0;17;22;31;1;0;0;97;3;0
avai;Jean Cléber;26;283;1;15;3;1;1;1;0;0;12;2;0;17;16;14;0;0;0;28;2;0
atletico-go;Ronaldo Strada;18;281;0;1;0;0;0;0;0;0;2;47;19;23;0;2;0;0;0;0;1;0
santos;Nathan Santos;9;280;0;8;4;3;7;0;0;0;4;0;0;22;10;6;0;0;1;23;1;1
avai;Muriqui;26;279;6;13;2;7;7;2;4;1;10;0;0;11;15;29;6;1;0;50;2;0
bragantino;Hyoran;26;276;17;19;13;3;6;7;3;3;13;2;0;13;17;14;1;0;0;63;1;0
coritiba;Guilherme Biro;14;274;0;10;5;9;1;2;0;0;4;1;0;19;14;3;1;0;0;9;3;0
coritiba;Guillermo de los Santos;14;274;4;16;1;8;0;2;0;1;0;8;0;90;5;6;0;0;0;3;2;1
santos;Marcos Leonardo;35;274;33;8;0;2;14;1;13;2;19;1;0;30;34;83;23;1;0;141;8;0
bragantino;Realpe;8;274;0;7;1;5;1;4;0;0;4;7;0;50;7;2;0;0;0;1;3;0
corinthians;Gustavo Mosquito;22;269;7;13;11;0;20;4;3;2;15;1;0;13;9;26;1;0;0;50;1;0
goias;Danilo Barcelos;22;269;0;18;15;3;2;0;0;1;7;5;0;46;30;9;1;0;0;18;8;0
america-mg;Danilo Avelar;19;268;8;10;5;8;1;0;0;2;5;5;0;66;21;9;0;0;0;9;2;0
corinthians;Yuri Alberto;20;267;22;7;3;5;9;0;8;1;15;1;0;10;26;33;7;0;0;101;4;1
america-mg;Iago Maidana;17;267;3;6;0;3;0;0;3;0;0;5;0;99;19;2;0;0;0;7;5;1
internacional;Daniel;23;264;0;1;0;0;1;0;0;0;0;50;20;24;0;6;0;0;0;3;4;0
sao-paulo;Marcos Guilherme;17;262;3;2;3;1;2;0;1;0;6;1;0;2;4;5;1;0;0;16;1;0
athletico-pr;Pablo;25;262;15;12;0;5;8;5;4;1;23;1;0;20;41;18;13;0;0;62;6;0
goias;Sávio;11;261;2;11;18;2;6;4;0;1;19;0;0;42;7;9;0;0;0;12;6;1
internacional;Moisés;8;260;5;8;3;5;6;1;2;1;5;1;0;28;9;8;1;0;0;11;5;0
ceara;Erick;24;260;12;8;11;3;30;8;2;0;30;0;0;8;13;36;6;0;0;75;5;0
atletico-go;Airton Moisés;33;260;13;29;19;3;17;0;2;5;20;2;0;19;32;24;0;0;0;79;3;1
coritiba;Val;13;259;3;16;2;5;6;4;0;1;4;2;0;15;15;11;0;0;0;21;6;0
corinthians;Mateus Vital;16;257;3;15;4;6;14;0;0;2;8;2;0;5;10;18;2;0;0;36;1;0
america-mg;Luan Patrick;10;257;1;13;7;4;0;4;0;0;7;5;0;53;7;3;0;0;0;2;3;0
goias;Hugo;15;252;1;13;8;6;2;2;0;0;10;2;0;53;11;6;1;0;0;17;3;0
atletico-go;Klaus;11;252;0;4;0;0;0;1;0;0;2;1;0;60;6;2;1;0;0;2;1;0
coritiba;Alex Muralha;19;251;0;1;0;0;0;0;0;0;0;45;17;29;0;4;0;0;0;1;1;0
juventude;Jean Irmer;25;250;6;40;2;11;0;5;0;1;5;8;0;57;24;14;1;0;0;21;6;0
bragantino;Andrés Hurtado;16;250;1;15;7;2;7;0;0;2;4;1;0;28;7;4;1;0;1;16;1;0
corinthians;João Victor;7;249;0;5;0;5;1;2;0;0;0;1;0;56;7;5;0;0;0;5;2;0
fluminense;Luiz Henrique;14;249;6;28;3;7;20;0;2;3;14;1;0;15;18;20;2;0;0;65;0;0
palmeiras;Vanderlan;13;247;3;14;8;9;2;0;1;1;9;2;0;24;13;8;0;0;0;8;1;0
flamengo;Lázaro;21;242;13;14;4;0;6;3;4;2;12;0;0;7;16;17;3;0;0;49;2;0
palmeiras;Eduard Atuesta;26;242;8;8;5;7;12;0;1;0;11;0;0;6;15;9;3;0;0;34;4;0
coritiba;Léo Gamalho;28;239;19;11;0;1;3;3;8;0;14;2;0;13;23;34;7;1;0;49;2;0
coritiba;Andrey;6;237;8;16;2;3;6;1;3;0;7;0;0;7;11;11;0;1;0;20;1;0
atletico-go;Renan Santos;16;236;0;0;0;0;0;0;0;0;1;51;22;30;0;3;0;0;0;1;2;0
botafogo;Tiquinho Soares;14;232;20;5;1;0;7;2;6;2;7;1;0;18;21;42;12;0;0;71;1;0
atletico-mg;Cristian Pavón;18;232;5;8;4;5;11;10;1;0;14;0;0;4;11;8;1;0;0;33;2;0
internacional;Liziero;14;232;0;15;3;2;3;0;0;0;4;1;0;11;15;10;0;0;0;18;3;0
goias;Luan Dias;22;231;3;19;3;4;6;2;0;0;11;1;0;5;21;15;1;0;0;43;7;0
santos;Luan;8;230;3;3;4;0;2;0;1;1;8;0;0;1;4;15;0;0;0;24;0;0
avai;Rodrigo Freitas;10;229;0;3;1;1;0;0;0;0;1;4;0;49;3;5;0;0;0;2;2;0
santos;Carlos Sánchez;14;227;3;7;13;2;1;6;0;1;14;2;0;9;11;14;2;0;0;10;3;0
america-mg;Henrique Almeida;28;226;25;15;3;0;3;0;6;0;10;0;0;7;35;12;13;1;0;82;8;0
america-mg;Pedrinho;19;224;15;7;6;7;23;5;4;2;20;0;0;13;19;10;4;0;0;64;5;0
sao-paulo;Galoppo;14;223;9;10;1;3;2;4;1;0;8;0;0;12;13;6;0;0;0;24;3;0
santos;Léo Baptistão;17;222;12;15;1;6;13;4;5;1;11;1;0;21;16;33;1;0;0;49;1;0
santos;Jhojan Julio;14;221;2;25;4;2;8;9;0;2;8;2;0;4;23;21;5;0;0;54;2;0
botafogo;Lucas Piazon;17;220;2;9;4;3;1;0;0;0;17;0;0;9;7;6;1;0;0;36;2;1
coritiba;Thonny Anderson;18;220;1;18;9;4;12;0;0;1;15;1;0;7;20;15;0;0;0;42;5;2
corinthians;Ramiro;12;219;3;12;1;3;0;0;0;1;5;1;0;22;8;5;2;1;0;10;3;0
ceara;Guilherme Castilho;17;218;6;13;4;2;1;2;1;1;6;2;0;19;12;11;1;0;0;25;1;0
athletico-pr;Léo Cittadini;20;217;3;14;0;4;2;1;1;1;2;1;0;12;16;17;0;0;0;20;2;0
fortaleza;Robson Fernandes;29;216;16;15;4;5;10;6;4;4;19;2;0;20;45;37;18;1;0;92;6;0
sao-paulo;Talles Costa;12;214;2;12;3;5;8;1;0;3;4;0;0;6;6;15;0;0;0;17;1;0
bragantino;Praxedes;15;210;4;14;3;2;4;2;1;2;4;0;0;3;13;19;2;0;0;21;3;0
juventude;Pegorari;13;209;0;0;0;0;0;1;0;0;1;45;6;17;0;2;0;0;0;0;3;0
ceara;Lucas Ribeiro;9;209;1;0;0;1;3;5;1;0;1;2;0;26;7;5;0;0;0;4;2;0
america-mg;Ricardo Silva;11;207;0;6;0;4;0;4;0;0;0;7;0;67;13;6;0;0;1;3;2;0
cuiaba;Felipe Marques;25;206;4;10;6;4;12;1;0;2;12;1;0;4;11;18;4;1;0;63;1;0
flamengo;Erick Pulgar;6;205;1;4;3;2;2;2;0;0;3;1;0;21;11;2;0;0;0;5;1;0
fortaleza;Thiago Galhardo;19;205;17;12;1;5;15;1;7;1;13;1;0;13;17;20;3;1;0;66;5;0
fortaleza;Anthony Landazuri;7;204;1;5;2;4;1;3;0;0;2;3;0;31;16;5;0;1;0;8;1;0
coritiba;Régis;22;200;4;13;4;2;4;1;1;2;13;0;0;3;17;8;1;2;0;31;2;0
corinthians;Bruno Melo;7;199;1;3;1;2;0;0;0;0;1;0;0;25;6;5;3;0;0;4;1;0
flamengo;Hugo Souza;15;199;0;2;0;0;2;0;0;0;0;26;11;32;0;0;0;0;0;0;3;0
sao-paulo;Nikão;11;199;5;4;13;0;7;8;3;0;14;0;0;4;2;12;3;0;0;18;2;0
botafogo;Júnior Santos;15;197;8;17;5;2;17;2;1;2;12;2;0;18;19;12;4;0;1;76;1;0
athletico-pr;Matheus Fernandes;14;197;4;20;0;5;2;2;0;0;5;4;0;21;14;4;0;0;0;17;2;0
avai;Mateus Sarará;8;197;1;6;1;0;0;2;1;0;1;2;0;23;7;10;0;0;0;2;3;0
coritiba;Matías Galarza;11;196;1;18;4;3;3;0;0;0;8;2;0;9;27;15;0;0;0;25;5;0
cuiaba;Alesson;21;196;10;18;3;3;5;1;2;0;12;1;0;3;18;7;0;0;0;66;3;0
juventude;Felipe Pires;11;195;3;2;2;1;9;1;0;2;8;0;0;3;14;16;3;0;0;20;6;0
cuiaba;Deyverson;16;193;20;6;2;2;10;1;6;0;17;0;0;24;13;29;13;0;0;56;4;0
fortaleza;Fernando Miguel;20;191;0;0;0;0;0;0;0;0;1;62;17;19;0;4;0;0;0;1;2;0
coritiba;Gabriel Vasconcelos;13;189;0;0;0;0;0;0;0;0;1;30;15;22;0;1;0;0;1;0;2;0
goias;Nicolas;29;189;9;4;2;2;6;1;5;2;13;1;0;24;24;23;10;0;0;64;0;0
fortaleza;Matheus Jussa;12;189;3;3;0;4;2;0;0;1;7;0;0;23;16;0;1;0;1;18;1;0
ceara;Geovane;17;189;1;9;0;3;1;0;0;0;3;2;0;10;18;13;0;0;0;14;4;0
avai;Thales Oleques;9;187;0;8;4;2;1;0;0;0;5;1;0;33;1;0;0;0;0;10;1;0
juventude;Ricardo Bueno;16;185;8;9;2;1;7;4;2;0;8;0;0;12;14;29;4;1;0;51;3;0
juventude;Bruno Nazário;12;183;3;6;12;2;4;4;1;0;18;0;0;0;10;13;0;0;0;33;4;0
ceara;Cléber;21;183;14;16;1;4;3;1;4;0;18;0;0;9;38;6;5;0;0;43;6;1
internacional;Kaique Rocha;7;182;2;4;0;4;1;0;0;0;0;2;0;34;3;3;0;0;0;4;2;0
athletico-pr;Rômulo;26;180;7;18;1;4;7;2;1;1;8;2;0;20;14;14;1;0;0;62;1;0
santos;Lucas Barbosa;26;178;6;31;1;7;1;9;2;1;6;2;0;18;26;28;4;0;0;40;4;1
santos;Auro Jr;8;178;0;7;2;2;3;0;0;0;4;1;0;20;8;1;0;0;0;10;3;0
palmeiras;Jorge;9;178;0;8;2;1;5;0;0;0;6;1;0;25;5;10;0;0;0;16;1;0
juventude;Ygor Nogueira;5;175;1;11;0;5;1;1;0;0;2;2;0;37;2;3;0;0;1;3;1;0
fluminense;Luccas Claro;10;174;0;3;0;1;0;0;0;0;0;4;0;55;6;6;0;0;0;6;2;0
juventude;Óscar Ruiz;24;174;9;9;8;2;4;1;5;1;11;0;0;8;4;13;5;1;0;43;1;0
santos;Bruno Oliveira;14;173;5;7;9;0;7;3;0;1;11;0;0;4;6;18;0;0;0;22;2;0
fluminense;Mario Pineida;7;172;0;0;1;0;0;0;0;0;3;0;0;10;6;6;0;0;0;17;0;0
flamengo;Bruno Henrique;8;171;9;12;3;1;8;1;1;2;9;1;0;9;11;20;8;0;0;28;3;0
coritiba;Diego Porfirio;8;171;0;10;0;4;3;0;0;0;2;1;0;17;3;6;1;0;0;12;4;1
internacional;David;21;170;5;11;4;2;4;1;0;2;4;1;0;7;22;16;7;0;0;42;3;1
avai;Marcinho;15;164;6;10;3;1;3;4;1;0;15;1;0;0;12;10;1;0;1;28;1;0
flamengo;Matheus França;17;162;7;14;1;2;10;4;4;0;11;1;0;12;14;5;0;0;0;37;1;0
goias;Da Silva;7;162;2;4;0;0;0;1;1;0;0;5;0;68;4;1;0;0;0;2;3;0
ceara;Marcos Victor;6;162;0;8;0;2;1;0;0;0;2;3;0;29;3;4;1;0;0;4;2;0
flamengo;Gustavo Henrique;5;157;2;2;0;1;0;1;1;0;1;6;0;34;5;0;0;0;0;1;0;0
flamengo;Vitinho;11;156;4;7;2;1;4;2;0;0;8;1;0;4;13;5;0;0;0;16;1;0
internacional;Bruno Méndez;24;155;2;3;1;2;0;4;1;0;0;4;0;47;3;1;0;0;0;5;1;0
atletico-go;Léo Pereira;30;155;7;26;9;4;10;0;1;1;10;2;0;9;38;23;4;0;0;90;9;0
sao-paulo;João Moreira;5;154;0;3;2;2;9;1;0;1;1;1;0;5;5;5;0;0;1;9;1;0
santos;Soteldo;7;154;3;2;10;0;18;2;0;1;17;0;0;2;4;13;1;0;0;44;1;0
avai;Douglas Friedrich;11;154;0;0;0;0;0;0;0;0;0;16;9;23;1;2;0;0;0;0;1;1
botafogo;Chay;12;153;4;13;3;8;6;3;0;0;6;0;0;4;10;18;0;0;0;39;3;0
corinthians;Robson Bambu;7;152;0;8;0;3;3;1;0;0;1;2;0;44;3;4;0;0;0;5;0;0
avai;Morato;14;152;7;11;2;1;5;1;2;1;7;1;0;5;17;19;3;0;0;50;0;1
coritiba;Warley;15;151;2;4;3;4;3;0;0;0;6;1;0;14;10;10;0;0;0;37;1;2
botafogo;Vinícius Lopes;16;150;4;20;2;5;12;0;2;0;10;1;0;9;18;26;3;0;0;44;3;0
botafogo;Del Piage;14;150;2;17;0;5;2;3;1;0;7;3;0;13;15;13;0;1;0;14;3;0
goias;Yan;8;150;1;4;1;2;0;0;1;0;0;10;0;83;10;2;0;0;3;6;3;0
goias;Marquinhos Gabriel;12;149;4;7;8;3;3;4;1;2;12;1;0;3;6;17;3;0;0;28;1;0
internacional;Keiller;15;148;0;0;0;0;0;0;0;0;0;29;14;19;0;6;0;0;1;0;2;0
botafogo;Erison;20;147;21;8;1;2;10;0;7;1;15;0;0;4;30;24;13;0;0;96;2;0
coritiba;Nathan Mendes;10;145;0;5;2;4;5;0;0;1;3;2;0;26;8;12;0;0;0;14;1;1
america-mg;Aloísio;22;145;18;8;1;3;0;0;4;2;11;0;0;7;37;18;11;0;0;47;5;0
flamengo;Mauricio Isla;6;144;1;2;2;0;2;0;1;0;3;0;0;10;3;2;0;0;1;6;0;0
santos;Alex;4;144;2;4;0;3;0;0;1;0;0;8;0;19;2;4;0;0;0;2;1;0
atletico-mg;Calebe;13;143;2;7;2;3;1;0;0;0;4;1;0;1;4;11;0;0;0;9;1;0
fortaleza;Silvio Romero;30;143;11;2;2;0;4;0;2;2;14;0;0;9;7;10;12;0;0;53;1;0
santos;Gabriel Carabajal;8;141;3;5;5;4;2;4;1;0;5;0;0;6;11;6;0;0;0;19;2;0
internacional;Rodrigo Dourado;8;141;1;13;0;2;0;0;0;0;1;0;0;18;9;4;0;0;0;9;2;0
internacional;Heitor;5;141;1;15;5;4;1;1;0;0;7;1;0;16;2;1;0;0;0;5;2;0
athletico-pr;Christian Roberto;9;140;4;9;1;1;3;4;0;0;6;0;0;9;17;6;2;0;0;16;3;0
palmeiras;Wesley;19;137;7;13;5;1;11;0;1;1;8;1;0;9;8;20;1;0;0;55;2;0
america-mg;Juan Ramírez;16;136;4;5;1;3;5;0;1;1;6;1;0;7;11;12;1;0;0;27;3;0
sao-paulo;Andrés Colorado;8;135;0;10;0;4;0;4;0;0;4;1;0;13;10;1;0;0;0;9;0;0
ceara;Zé Roberto;21;135;7;5;0;2;5;2;2;1;8;1;0;5;24;24;3;1;0;44;6;1
cuiaba;Sidcley;7;135;1;0;1;5;2;3;1;0;6;0;0;10;0;2;0;0;0;8;0;0
flamengo;Pedro;24;133;26;5;0;4;5;0;11;3;13;0;0;12;17;13;4;1;0;57;3;0
fluminense;Willian;28;133;8;10;2;3;2;0;3;1;5;0;0;8;8;3;2;0;0;35;2;0
ceara;Jô;15;131;9;1;0;2;1;0;2;0;13;0;0;13;14;10;7;0;0;19;1;1
bragantino;Carlos Eduardo;24;125;4;12;2;7;12;4;0;1;2;1;0;7;31;27;5;1;0;68;4;0
atletico-go;Kelvin;11;124;8;2;2;0;4;0;1;0;8;0;0;0;0;4;1;0;0;20;0;0
juventude;Marlon;10;121;0;7;3;2;1;0;0;0;5;0;0;5;13;6;0;0;0;15;1;0
america-mg;Emmanuel Martínez;4;120;3;8;4;2;5;1;0;0;4;0;0;1;3;7;0;0;0;12;1;0
bragantino;Alerrandro;20;119;20;5;0;3;3;0;6;0;7;0;0;7;11;15;5;0;0;41;3;0
fortaleza;Marcelo Boeck;13;118;0;0;0;0;0;0;0;0;0;32;12;19;0;3;0;0;1;1;2;0
america-mg;João Paulo;6;118;1;5;6;4;0;2;0;0;5;1;0;20;3;0;0;0;0;8;0;0
cuiaba;André Felipe;17;118;4;7;0;1;6;1;3;0;5;0;0;4;16;21;1;0;0;33;2;0
america-mg;Gustavinho;10;117;1;8;2;4;7;4;0;0;2;0;0;2;7;12;0;0;0;26;2;0
america-mg;Jaílson;12;117;0;0;0;0;1;0;0;0;0;35;8;13;0;0;0;0;0;1;1;0
ceara;David Ricardo;5;116;1;5;0;1;0;0;0;0;0;4;0;18;4;6;0;0;0;7;2;0
botafogo;Diego Gonçalves;10;115;5;2;2;3;1;0;2;0;4;0;0;7;8;6;2;0;0;26;1;0
coritiba;Adrián Martínez;22;114;10;9;0;2;3;0;4;0;10;0;0;2;21;9;7;0;0;42;7;0
palmeiras;Gabriel Veron;12;114;6;11;1;5;3;0;1;3;9;0;0;4;4;5;0;1;0;25;0;0
botafogo;Lucas Mezenga;4;113;1;9;0;3;0;1;0;0;1;2;0;26;4;1;1;0;1;3;1;0
juventude;Busanello;4;113;3;4;4;3;0;0;0;2;0;2;0;15;6;2;0;0;0;2;0;0
fortaleza;Pedro Rocha;19;113;8;6;5;4;10;0;3;4;10;0;0;9;7;5;5;1;0;37;1;0
santos;Ricardo Goulart;11;112;1;5;1;1;1;0;0;0;8;0;0;6;6;8;0;0;0;16;2;0
sao-paulo;Éder;23;111;6;7;2;0;2;3;3;0;5;1;0;1;9;10;9;1;0;26;4;0
santos;Ed Carlos;6;111;0;2;2;0;0;1;0;1;5;0;0;2;2;0;0;0;0;4;0;0
atletico-mg;Pedrinho;7;109;2;2;0;2;4;0;0;0;5;0;0;3;1;6;0;0;0;8;0;0
bragantino;Miguel;17;108;5;11;10;1;3;1;1;2;12;0;0;3;8;13;0;1;0;32;1;0
america-mg;Zé Ricardo;9;108;0;4;0;0;0;2;0;0;2;1;0;6;5;4;0;0;0;11;0;0
coritiba;Boschilia;12;107;6;6;2;4;0;1;0;0;7;0;0;5;11;8;0;0;0;18;2;0
avai;Wellington Nascimento;3;106;1;2;0;2;1;1;0;0;1;4;0;17;3;1;0;0;1;0;0;0
botafogo;Rafael;7;104;0;10;8;3;3;0;0;0;5;0;0;12;7;3;0;0;0;6;1;0
fluminense;Alexsander;3;102;1;1;1;3;3;0;0;0;4;0;0;6;1;3;0;0;0;6;0;0
juventude;Guilherme Parede;16;102;7;4;3;0;3;0;2;1;7;1;0;11;8;7;1;0;0;25;3;0
sao-paulo;Luan;6;101;1;2;0;1;0;0;1;0;0;0;0;4;1;0;0;0;0;4;1;0
santos;Rwan Seco;17;101;10;5;0;4;8;0;2;1;7;1;0;5;11;14;2;0;0;39;1;0
internacional;Thauan Lara;7;101;2;4;2;1;0;0;0;0;1;0;0;15;6;6;0;0;0;11;2;0
bragantino;Bruno Tubarão;9;101;4;6;4;2;1;2;0;0;5;0;0;7;4;3;1;0;0;21;0;0
botafogo;Joel Carli;5;100;0;1;0;2;0;0;0;1;1;2;0;39;3;1;0;0;0;0;3;0
palmeiras;Breno Lopes;23;100;6;3;2;1;4;2;1;0;6;0;0;4;5;8;3;1;0;14;2;0
ceara;Iury Castilho;13;100;3;7;4;1;8;1;0;1;5;0;0;6;11;23;6;1;0;36;3;0
bragantino;Renan;4;98;0;6;0;2;0;0;0;0;0;2;0;25;2;1;0;0;0;6;1;0
avai;Pablo Dyego;10;98;2;6;1;5;5;0;0;0;2;2;0;13;7;13;0;0;0;20;1;0
cuiaba;Éverton;7;98;1;7;2;2;1;0;1;0;2;0;0;7;12;13;1;0;0;16;2;0
palmeiras;Kuscevic;5;96;1;4;0;3;0;0;0;1;0;2;0;13;0;3;1;0;0;2;0;0
cuiaba;João Carlos;11;96;0;0;0;0;0;0;0;0;0;24;11;8;0;1;0;0;0;0;1;0
palmeiras;Bruno Tabata;13;95;0;3;6;0;2;3;0;1;8;1;0;3;8;7;0;0;0;21;0;0
avai;Felipe Silva;3;95;2;4;0;2;0;0;1;0;1;3;0;25;0;0;0;0;0;1;0;0
flamengo;Guillermo Varela;5;94;0;5;0;1;2;0;0;0;1;1;0;16;1;6;0;0;0;9;0;0
juventude;Rafinha;11;94;3;4;1;2;4;0;0;0;4;0;0;4;4;1;0;0;0;22;0;0
avai;Matheus Galdezani;6;94;0;9;0;0;4;2;0;0;3;1;0;5;10;4;0;0;0;13;3;0
juventude;Edinho;10;93;0;1;4;1;9;0;0;0;8;0;0;3;4;7;0;0;0;17;0;0
avai;Rômulo;13;93;5;3;1;3;4;0;0;0;3;1;0;1;6;10;0;0;0;21;0;0
cuiaba;Cristhian Rivas;5;93;1;3;1;2;0;1;0;0;3;0;0;2;3;0;0;0;0;0;2;0
santos;Bryan Angulo;16;90;5;4;0;1;1;0;2;1;5;1;0;3;2;7;4;0;0;14;0;0
goias;Apodi;18;89;4;10;4;3;2;0;1;1;3;3;0;10;22;15;2;1;0;34;3;0
goias;Renato Júnior;17;89;1;10;1;3;6;0;0;1;6;0;0;6;13;10;1;0;0;33;4;0
botafogo;Matheus Nascimento;23;85;5;8;0;1;5;0;0;0;8;0;0;11;11;10;1;1;0;49;1;0
fortaleza;Matheus Vargas;11;84;4;2;0;2;6;1;0;0;4;2;0;5;11;11;3;0;0;22;2;0
bragantino;Ytalo;11;84;6;4;1;3;0;0;3;0;4;0;0;8;2;6;0;0;0;7;0;0
goias;Sidimar;5;83;0;3;0;1;0;0;0;0;0;4;0;36;2;4;0;0;0;2;0;0
avai;Paolo Guerrero;10;82;4;1;0;0;3;0;0;0;5;0;0;3;11;6;2;0;0;36;2;0
cuiaba;Gabriel Pirani;13;82;2;4;4;3;1;0;1;0;10;0;0;2;5;4;1;0;0;22;1;0
corinthians;Paulinho;3;81;1;1;1;0;2;1;1;0;1;2;0;6;2;1;0;0;0;8;0;0
sao-paulo;Emiliano Rigoni;11;81;0;5;10;0;3;5;0;0;5;0;0;1;6;3;0;0;0;22;0;0
athletico-pr;Bryan García;7;81;0;3;0;1;2;3;0;1;4;0;0;7;5;4;0;0;0;13;2;0
avai;Raphael Rodrigues;3;80;0;0;0;0;0;0;0;0;0;2;0;11;0;1;0;0;0;1;0;0
juventude;Vitor Gabriel;22;79;14;6;2;0;5;0;2;0;9;0;0;17;31;12;3;0;0;41;6;0
avai;Vitinho Alves;8;78;4;4;0;1;7;0;0;1;2;0;0;3;5;18;1;0;0;22;2;0
avai;Dentinho;10;78;2;5;1;0;6;0;0;0;6;1;0;4;7;10;0;1;0;19;4;0
avai;Glédson;5;76;0;0;0;0;1;0;0;0;0;10;2;1;0;3;0;0;0;0;2;0
atletico-go;Rhaldney;7;75;0;7;0;0;1;2;0;0;1;0;0;7;5;2;0;0;0;5;1;0
botafogo;Luis Henrique;10;74;1;0;1;1;2;1;0;0;3;0;0;2;4;3;2;0;0;19;1;0
palmeiras;Rafael Navarro;23;74;6;22;0;0;1;1;0;0;3;1;0;2;35;12;6;0;0;44;0;0
botafogo;Kayque;6;73;3;3;3;2;5;0;1;0;6;0;0;1;8;11;1;0;0;12;3;0
botafogo;Gustavo Sauer;9;73;3;5;1;2;1;1;0;0;5;0;0;1;5;4;0;0;0;10;1;0
atletico-mg;Diego Godín;1;73;0;1;0;2;0;0;0;0;0;0;0;8;2;2;0;0;0;0;0;0
fortaleza;Valentín Depietri;16;73;1;4;2;2;2;0;0;0;6;0;0;3;7;2;0;0;0;16;0;0
corinthians;Giovane;10;72;2;3;1;1;8;1;0;0;5;0;0;2;8;4;1;1;0;20;2;0
palmeiras;Manuel López;12;72;11;3;0;3;4;3;2;0;7;1;0;4;7;6;7;0;0;22;3;0
bragantino;Jan Hurtado;13;72;6;3;0;2;0;0;0;0;8;1;0;1;23;5;3;0;0;32;0;0
bragantino;Werik Popó;9;72;6;3;2;2;1;0;3;0;3;0;0;9;15;6;1;0;0;32;5;0
ceara;Matheus Peixoto;13;72;5;4;0;1;2;1;0;1;5;0;0;5;7;10;4;0;0;14;0;0
flamengo;Diego Alves;5;71;0;0;0;0;0;0;0;0;0;6;3;0;0;0;0;0;0;0;0;0
palmeiras;Marcelo Lomba;3;71;0;0;0;0;0;0;0;0;0;9;3;5;0;1;0;0;0;0;1;0
goias;Pedinho;14;71;0;15;2;1;1;1;0;1;2;0;0;7;5;6;1;0;0;21;1;0
fortaleza;Rómulo Otero;7;69;9;1;9;0;3;0;1;1;5;0;0;1;5;11;1;0;0;14;0;0
fluminense;Marlon;3;68;0;4;4;1;0;1;0;0;2;1;0;20;6;1;0;0;0;7;0;0
internacional;Igor Gomes;3;66;0;1;1;0;0;0;0;0;0;1;0;7;0;2;0;0;1;0;0;0
ceara;Jhon Vasquez;13;66;5;6;3;0;1;1;0;0;1;0;0;5;9;11;4;0;0;16;2;0
atletico-go;Peglow;6;66;2;4;5;1;0;1;0;1;4;0;0;5;3;5;1;0;0;18;1;0
atletico-go;Lucas Lima;7;66;0;2;1;0;2;0;0;0;1;0;0;3;4;2;0;0;0;9;0;0
internacional;Wesley;8;65;3;0;0;0;1;0;0;0;7;0;0;3;6;6;3;0;0;13;1;0
fortaleza;Habraão;5;65;2;1;0;2;0;0;1;0;0;6;0;22;5;4;0;0;1;1;0;0
america-mg;Gonzalo Mastriani;11;63;5;4;0;0;3;0;1;1;4;0;0;5;9;6;1;1;0;30;1;0
palmeiras;Gustavo Garcia;4;62;0;3;0;1;0;1;0;0;0;0;0;6;0;1;0;0;0;2;1;0
america-mg;Wellington Paulista;19;62;6;1;0;0;0;0;2;0;2;0;0;3;12;7;4;0;0;12;1;0
coritiba;Rafael William;6;61;0;0;0;0;1;0;0;1;0;24;1;11;0;0;0;0;1;0;1;0
athletico-pr;Marlos;6;61;1;1;3;1;0;2;0;0;4;0;0;0;1;2;0;0;0;7;0;0
sao-paulo;Thiago Couto;3;59;0;0;0;0;0;0;0;0;1;10;1;3;0;0;0;0;1;0;1;0
sao-paulo;Beraldo;3;59;0;2;0;0;1;1;0;0;0;0;0;8;1;1;0;0;0;1;0;1
coritiba;José Hugo;13;59;4;8;2;2;2;1;1;0;4;0;0;0;7;15;1;0;0;50;0;0
juventude;Paulinho Moccelin;9;59;2;10;3;2;3;2;0;1;4;0;0;10;13;8;2;0;0;16;2;2
botafogo;Danilo Barbosa;6;58;1;3;0;1;2;0;0;0;2;2;0;15;4;4;0;0;0;3;1;0
corinthians;Xavier;5;58;0;2;0;0;0;0;0;0;2;0;0;15;2;0;0;0;0;4;1;0
sao-paulo;André Anderson;10;58;2;6;0;0;2;0;0;0;0;0;0;1;10;7;0;1;0;15;3;0
atletico-mg;Guilherme Castilho;17;58;0;0;0;0;0;0;0;0;1;0;0;9;4;1;0;0;0;10;0;0
fluminense;Marrony;10;57;1;7;0;1;1;0;0;0;2;0;0;4;4;11;0;0;0;9;1;1
coritiba;Matheus Cadorini;10;57;5;1;0;1;1;0;2;0;2;0;0;4;2;2;1;0;0;13;1;0
fortaleza;Max Walef;5;56;0;0;0;0;1;0;0;0;0;11;2;4;0;0;0;0;0;0;0;0
bragantino;Gabriel Novaes;13;55;3;2;1;0;0;0;1;0;2;1;0;4;7;10;2;1;0;21;2;0
coritiba;Clayton;9;54;4;3;0;0;0;0;0;0;9;0;0;2;10;11;5;0;0;18;1;0
atletico-mg;Sávio;8;54;2;3;1;1;8;3;1;0;4;0;0;0;3;7;0;0;0;16;0;0
athletico-pr;Marcelo Cirino;11;54;1;6;2;1;2;0;0;0;6;0;0;8;4;4;5;1;0;16;1;0
corinthians;Júnior Moraes;9;53;2;3;0;2;2;0;0;0;1;1;0;2;10;5;0;0;0;26;1;0
sao-paulo;Nahuel Bustos;9;53;2;5;1;0;1;0;1;0;0;0;0;0;7;7;2;0;0;10;0;0
athletico-pr;Lucas Halter;17;53;0;0;0;2;1;0;0;0;0;0;0;12;3;1;0;0;0;1;1;0
america-mg;Arthur Augusto;7;53;0;6;2;0;1;1;0;0;0;1;0;5;11;0;0;0;0;17;2;0
juventude;Darlan;5;52;0;1;2;1;3;2;0;0;2;0;0;2;1;2;0;0;0;7;1;0
cuiaba;Marquinhos;6;52;0;9;0;3;4;0;0;1;0;0;0;2;3;10;0;0;0;16;0;0
juventude;Rômulo;4;51;1;3;2;0;0;0;1;0;2;3;0;12;1;2;0;0;0;1;1;0
avai;Vinícius Leite;4;51;1;1;1;3;0;0;0;0;2;1;0;3;1;2;0;0;0;3;0;0
cuiaba;Elton;8;51;4;3;0;0;0;0;1;0;5;0;0;3;7;5;2;0;0;9;1;0
goias;Juan Pablo;4;50;0;3;0;3;0;0;0;0;1;0;0;10;6;0;0;0;0;0;0;0
america-mg;Rodriguinho;4;50;0;4;4;1;1;2;0;0;4;0;0;1;5;5;0;0;0;4;2;0
goias;Sidnei;4;49;0;6;0;5;0;0;0;0;0;2;0;25;1;2;0;0;0;1;1;0
atletico-go;Camutanga;1;49;0;2;0;0;1;0;0;0;0;0;0;6;0;0;0;0;0;0;0;0
avai;Jonathan Copete;7;48;2;1;1;0;1;0;0;0;2;0;0;6;7;4;2;0;0;18;1;0
cuiaba;Lucas Cardoso;4;48;1;1;0;0;2;0;0;0;1;0;0;2;4;0;0;0;0;12;0;0
coritiba;Biel;5;47;0;3;0;1;0;0;0;0;1;0;0;1;1;4;0;0;0;5;0;0
athletico-pr;Pablo Siles;5;46;0;3;0;1;0;0;0;0;0;2;0;4;6;2;0;0;1;4;2;0
palmeiras;Fabinho;4;46;0;3;0;1;0;1;0;0;1;0;0;3;4;0;0;0;0;0;1;0
america-mg;Paulinho Bóia;4;46;4;1;5;0;7;0;0;1;7;0;0;1;6;10;4;1;0;21;0;0
ceara;Marcos Ytalo;2;46;1;3;0;2;0;0;0;0;3;0;0;7;5;3;0;0;0;5;0;0
santos;Willian Maranhão;22;45;0;4;0;1;1;0;0;0;0;2;0;8;2;0;1;0;0;1;0;0
juventude;Gabriel Tota;7;45;2;3;1;1;0;0;0;0;1;2;0;2;7;6;0;0;0;7;2;0
ceara;Léo Rafael;2;45;1;0;2;0;0;0;0;0;2;0;0;0;0;0;0;0;0;2;0;0
coritiba;Juan Díaz;4;44;0;4;0;0;0;0;0;0;0;0;0;3;2;2;0;0;0;3;0;0
athletico-pr;Pedro Rocha;19;44;0;1;4;1;4;0;0;1;3;0;0;1;1;4;2;0;0;21;0;0
internacional;D'Alessandro;1;44;1;0;1;0;1;1;1;0;4;0;0;1;0;1;0;0;0;3;1;0
internacional;Braian Romero;17;44;5;9;0;0;0;0;2;0;1;1;0;4;9;8;1;0;0;22;1;0
ceara;Diego Rigonato;7;44;2;3;0;3;1;0;0;0;1;0;0;7;4;6;0;0;0;3;1;0
corinthians;Jô;15;43;3;1;1;1;0;0;1;0;2;0;0;7;4;5;1;0;0;6;1;0
fluminense;Michel Araújo;8;43;2;4;2;0;2;0;2;3;0;0;0;0;1;5;0;0;0;6;1;0
atletico-go;Ricardinho;6;42;2;0;1;0;0;0;0;0;1;0;0;0;4;3;2;0;0;13;2;0
atletico-go;Luan Polli;2;42;0;0;0;0;0;0;0;0;0;6;3;4;0;1;0;0;0;0;0;0
goias;Danilo Cardoso;5;41;2;1;0;2;0;0;1;0;0;3;0;14;3;1;0;0;0;1;0;0
avai;Diego Matos;3;40;0;2;0;0;0;0;0;0;0;1;0;9;2;0;0;0;0;4;2;1
fortaleza;Vitor Ricardo;2;38;0;5;1;0;0;0;0;0;2;0;0;2;0;0;0;0;0;2;1;0
botafogo;Lucas Perri;4;37;0;0;0;0;0;0;0;0;0;6;5;8;0;0;0;0;0;0;1;0
goias;Henrique Lordelo;5;37;0;7;0;0;0;1;0;0;0;1;0;3;9;2;0;0;0;1;2;1
internacional;Boschilia;12;36;0;3;0;0;2;0;0;1;3;0;0;2;3;2;0;0;0;5;1;0
botafogo;Jonathan Silva;1;35;0;1;0;0;0;0;0;0;1;0;0;0;1;0;0;0;0;1;0;0
palmeiras;Miguel Merentiel;9;35;3;0;0;0;2;1;2;0;3;0;0;0;2;1;1;0;0;10;0;0
internacional;Estevão;8;35;1;1;0;1;0;0;0;0;2;0;0;0;2;3;0;0;0;3;0;0
santos;Kaiky;1;34;0;0;0;0;1;0;0;0;0;0;0;6;0;3;0;0;0;0;0;0
juventude;Bruninho;5;34;1;0;2;0;7;0;0;0;0;0;0;0;4;5;0;0;0;6;0;0
bragantino;Welliton;6;34;0;2;2;1;6;1;0;0;2;0;0;2;0;2;0;0;0;10;0;0
fluminense;David Duarte;4;33;0;1;0;1;0;0;0;0;0;1;0;13;2;0;0;0;0;1;2;0
atletico-mg;Savarino;3;33;3;2;0;0;3;0;2;0;1;0;0;0;0;2;0;0;0;5;0;0
juventude;Ruan;11;33;1;3;0;1;5;0;0;0;1;0;0;1;3;6;0;0;0;13;1;0
fluminense;Fred;6;32;3;0;0;0;1;0;1;0;1;0;0;4;2;0;0;0;0;6;1;0
coritiba;Márcio Silva;2;32;0;1;0;0;0;1;0;0;0;4;0;14;0;3;0;0;0;2;0;0
athletico-pr;Lucas Fasson;1;32;0;0;0;0;0;0;0;0;0;0;0;11;0;0;0;0;0;0;0;0
atletico-go;Diego Loureiro;4;32;0;0;0;0;0;0;0;0;0;7;1;0;0;1;0;0;0;0;0;0
coritiba;Neílton;4;31;1;1;1;1;0;0;0;0;3;0;0;1;1;2;0;0;0;4;1;0
bragantino;Nathan;5;31;0;3;0;0;0;0;0;0;0;0;0;4;3;1;0;0;0;5;1;0
athletico-pr;Anderson Paixão;5;30;0;0;0;0;1;0;0;0;0;18;3;10;0;1;0;0;0;1;1;0
internacional;Matheus Dias;2;30;1;4;0;0;0;0;0;0;1;3;0;3;1;2;0;0;0;0;0;0
bragantino;Guilherme Lopes;2;30;0;2;0;1;4;0;0;0;1;0;0;5;2;3;0;0;0;3;0;0
juventude;Dudu;2;29;0;1;1;1;0;0;0;0;0;0;0;4;3;1;0;0;0;3;0;0
corinthians;João Pedro;2;28;0;2;0;0;0;1;0;0;0;3;0;13;1;0;0;0;0;2;1;0
juventude;Pará;3;28;0;0;0;0;0;0;0;0;0;1;0;4;2;0;0;0;0;2;1;0
corinthians;Guilherme Biro;2;27;2;3;1;0;1;0;0;0;1;0;0;0;3;1;0;0;0;3;1;0
corinthians;Matheus Donelli;3;27;0;0;0;0;0;0;0;0;0;6;2;2;0;0;0;0;0;1;0;0
sao-paulo;Rodriguinho;3;27;1;1;0;0;0;0;0;0;1;0;0;0;0;1;0;0;0;4;0;0
atletico-mg;Alan Kardec;12;27;5;2;0;0;0;0;2;0;0;0;0;2;6;4;0;0;0;8;0;0
internacional;Weverton Silva;1;27;0;1;1;0;0;0;0;0;1;0;0;0;0;1;0;0;0;0;0;0
ceara;Kelvyn;2;27;0;1;1;0;1;0;0;0;0;0;0;1;2;0;0;0;0;1;0;0
botafogo;Jacob Montes;3;26;0;1;0;1;1;0;0;0;3;1;0;0;0;1;0;0;0;8;0;0
flamengo;Mateusão;8;26;0;1;0;0;0;0;0;0;2;0;0;6;2;3;1;1;0;7;1;0
internacional;Lucas Ramos;9;25;1;1;0;1;1;1;0;0;0;0;0;3;1;4;0;0;0;3;1;0
juventude;Anderson Leite;2;25;0;2;1;2;0;0;0;0;2;2;0;3;3;1;0;0;0;0;0;0
botafogo;Diego Loureiro;4;24;0;0;0;0;0;0;0;0;0;4;0;3;0;0;0;0;0;0;1;0
ceara;Vinícius Machado;2;23;0;0;0;0;1;0;0;0;0;4;3;1;0;0;0;0;0;0;0;0
ceara;Dentinho;5;23;0;2;0;1;0;0;0;0;0;0;0;0;5;0;1;0;0;4;0;0
fluminense;Alexandre Jesus;5;22;0;1;0;2;1;0;0;0;1;0;0;3;1;1;0;0;0;6;0;0
juventude;Renato Chaves;2;22;2;0;0;1;0;1;0;0;0;1;0;10;1;0;0;0;0;1;0;0
bragantino;Lucão;1;22;0;0;0;0;0;0;0;0;0;5;0;2;0;0;0;0;0;0;0;0
coritiba;Hernán Pérez;2;20;1;1;0;1;0;0;0;0;1;1;0;2;5;2;0;0;0;5;1;0
palmeiras;Endrick;7;20;10;4;1;1;2;0;3;1;4;0;0;0;9;4;4;0;0;14;1;0
avai;Lucas Silva;6;19;0;0;0;0;1;0;0;0;1;0;0;0;1;6;0;0;0;9;0;0
ceara;Wescley;2;19;0;4;1;0;0;0;0;0;1;0;0;0;1;1;0;0;0;4;0;0
atletico-go;Rickson;8;19;0;1;0;1;0;0;0;0;1;0;0;2;2;3;1;0;0;4;1;0
corinthians;Carlos Miguel;2;18;0;0;0;0;0;0;0;0;0;6;2;2;0;0;0;0;0;0;0;0
atletico-mg;Fábio;5;18;1;1;0;0;1;0;0;0;2;0;0;0;1;1;0;0;0;7;0;0
santos;Miguelito;2;18;1;0;1;0;0;0;0;0;1;0;0;0;0;0;0;0;0;2;0;0
juventude;Vitor Leque;2;18;0;0;0;0;0;0;0;0;0;0;0;0;2;3;1;0;0;3;2;1
bragantino;Douglas Mendes;1;18;0;1;0;0;0;0;0;0;0;1;0;3;0;0;0;0;1;0;0;0
america-mg;Flávio;2;18;0;1;1;1;0;0;0;0;0;0;0;0;1;1;0;0;0;1;0;0
botafogo;Douglas Borges;1;17;0;0;0;0;0;0;0;0;0;0;1;0;0;0;0;0;0;0;0;0
goias;Luan;2;17;0;0;1;0;0;0;0;0;1;0;0;2;1;0;0;0;0;0;1;0
juventude;Felipe Alves;18;17;0;0;0;0;0;0;0;0;0;5;0;2;0;0;0;0;0;0;0;0
fortaleza;Renato Kayzer;6;17;3;1;0;1;1;1;0;0;1;0;0;1;3;3;0;0;0;3;0;0
ceara;Richard Costa;1;17;0;0;0;0;0;0;0;0;0;2;1;0;0;0;0;0;0;0;2;0
corinthians;Léo Maná;1;16;0;2;0;0;0;0;0;0;0;0;0;0;0;0;0;0;0;0;0;0
fluminense;John Kennedy;6;16;3;1;2;0;3;0;0;0;2;0;0;0;5;1;0;0;0;16;3;0
fortaleza;Fabrício Baiano;5;16;0;3;0;1;2;0;0;0;0;0;0;4;1;1;0;0;0;7;0;0
botafogo;Douglas DG;1;15;0;0;1;0;0;0;0;0;2;0;0;2;0;1;0;0;0;0;1;0
atletico-mg;Rafael;1;15;0;0;0;0;0;0;0;0;0;0;2;1;0;0;0;0;0;0;0;0
athletico-pr;João Vialle;1;15;0;0;0;0;2;0;0;0;0;0;0;0;0;0;0;0;0;0;0;0
santos;Tailson;3;15;0;0;0;0;2;1;0;0;0;0;0;0;0;0;0;0;0;1;0;0
palmeiras;Kaiky Naves;2;15;0;0;0;0;0;0;0;0;0;0;0;3;3;0;0;0;0;0;0;0
internacional;Caio;7;15;0;1;0;2;1;0;0;0;0;0;0;1;8;9;1;0;0;13;1;0
flamengo;Kayke David;2;14;0;0;1;1;0;0;0;0;1;0;0;0;1;3;0;0;0;4;0;0
santos;Vinicius Balieiro;5;14;0;1;0;1;0;0;0;0;1;1;0;9;2;2;0;0;0;1;0;0
athletico-pr;Matheus Babi;6;13;0;0;0;0;0;0;0;0;4;0;0;2;6;4;1;0;0;6;1;0
palmeiras;Vinicius Silvestre;1;12;0;0;0;0;0;0;0;0;0;5;0;4;0;0;0;0;0;0;0;0
avai;Nathan;7;12;0;1;1;0;0;0;0;0;1;0;0;0;1;0;0;0;0;4;0;0
botafogo;Barreto;2;11;0;2;0;2;0;0;0;0;0;0;0;0;1;1;0;0;0;1;0;0
botafogo;Klaus;11;11;0;0;0;0;0;0;0;0;0;0;0;9;0;0;0;0;0;0;0;0
sao-paulo;Gabriel Sara;1;11;0;0;0;0;0;0;0;0;0;0;0;0;2;1;0;0;0;2;0;0
sao-paulo;Juan;2;11;1;2;0;0;2;0;1;0;1;0;0;2;2;1;3;0;0;7;0;0
juventude;Da Rocha;1;11;0;3;0;0;0;0;0;0;0;0;0;3;0;1;0;0;0;1;0;0
america-mg;Carlos Alberto;6;11;4;2;1;0;0;0;0;0;1;0;0;0;1;1;0;0;0;12;1;0
cuiaba;Rikelme;1;11;0;0;0;1;0;0;0;0;0;0;0;2;0;1;0;0;0;0;0;0
flamengo;Matheus Gonçalves;3;10;0;0;0;0;0;0;0;0;0;0;0;0;0;0;1;0;0;2;0;0
sao-paulo;Marquinhos;1;10;0;1;0;0;0;1;0;0;2;0;0;0;0;0;0;0;0;0;0;0
santos;Marcos Guilherme;17;10;0;2;1;0;0;0;0;0;0;1;0;2;1;0;0;0;0;1;0;0
santos;Gabriel Pirani;13;10;1;0;0;0;1;0;0;0;0;0;0;0;3;1;0;0;0;3;0;0
palmeiras;Giovani;2;10;0;0;0;0;0;0;0;0;0;0;0;0;0;1;0;0;0;3;0;0
internacional;Matheus Cadorini;10;10;2;1;0;0;0;0;0;0;0;0;0;1;3;2;0;0;0;8;0;1
bragantino;Bruninho;2;10;0;1;0;0;1;0;0;0;0;0;0;0;0;0;1;0;0;2;0;0
bragantino;Weverson;1;10;0;1;1;0;0;0;0;0;0;0;0;1;0;0;0;0;0;1;0;0
ceara;Caio Rafael;1;10;1;0;0;0;0;0;0;0;1;0;0;0;0;0;0;0;0;1;0;0
ceara;João Victor;3;10;1;0;0;0;0;0;0;0;0;0;0;0;1;1;0;0;0;1;0;0
corinthians;Leo Natel;1;9;1;0;0;0;0;0;0;0;0;0;0;0;0;1;0;0;0;2;0;0
flamengo;Marcos Paulo;1;9;0;1;0;1;0;0;0;0;1;1;0;1;2;0;0;0;0;0;1;0
atletico-mg;Yan Phillipe;1;9;0;0;0;1;1;0;0;0;0;0;0;0;0;3;0;0;0;2;0;0
goias;Douglas Pelé;2;9;0;2;1;1;1;0;0;0;2;0;0;1;0;2;0;0;0;6;0;0
avai;Gustavo Santos;1;9;0;0;0;0;0;0;0;0;0;0;0;0;1;1;0;0;0;2;0;0
sao-paulo;Patryck;1;8;0;1;0;0;0;0;0;0;0;0;0;1;0;0;0;0;0;0;0;0
sao-paulo;Jonas Toró;1;8;0;1;1;0;0;0;0;1;0;0;0;0;1;1;0;0;0;0;0;0
palmeiras;Jaílson;2;8;0;0;0;0;0;0;0;0;0;0;0;1;0;0;0;0;0;0;0;0
juventude;Lucas Ramires;1;8;0;0;0;0;0;0;0;0;0;0;0;1;0;0;0;0;1;1;1;0
america-mg;Juninho Valoura;1;8;0;1;0;0;0;0;0;0;0;0;0;0;1;0;0;0;0;1;0;0
america-mg;Airton;1;8;0;0;0;0;1;0;0;0;0;7;0;2;0;0;0;0;0;0;1;0
corinthians;Wesley Teixeira;2;7;0;0;0;0;0;0;0;0;0;0;0;0;1;0;0;0;0;2;0;0
flamengo;André Luiz;1;7;2;0;0;0;0;0;0;0;1;0;0;0;0;2;0;0;0;4;0;0
santos;Derick;1;7;0;0;0;0;0;0;0;0;0;1;0;1;0;0;0;0;0;0;0;0
flamengo;Werton;2;6;1;0;0;0;0;0;1;0;0;0;0;2;1;0;0;0;0;2;0;0
avai;Gaspar;3;6;1;2;0;0;0;0;0;0;0;0;0;1;0;1;1;0;0;4;0;0
cuiaba;Vinicius Boff;1;6;0;0;0;1;1;0;0;1;0;0;0;2;1;0;0;0;0;2;0;0
flamengo;Petterson Novaes;2;5;0;0;0;0;0;0;0;0;0;0;0;1;1;0;0;0;0;0;0;0
santos;John Victor;1;5;0;0;0;0;0;0;0;0;0;2;0;0;0;2;0;0;0;0;0;0
goias;Luiz Filipe;2;5;0;2;0;0;0;0;0;0;0;0;0;1;1;1;0;1;0;4;1;0
internacional;Gustavo Maia;1;5;0;0;0;0;0;0;0;0;0;0;0;0;0;0;0;0;0;0;0;0
fortaleza;Igor Torres;4;5;0;0;0;0;0;0;0;0;0;0;0;0;2;1;0;0;0;3;1;0
bragantino;Guilherme Santos;2;5;0;1;0;0;0;0;0;0;0;0;0;0;1;0;0;0;0;5;0;0
america-mg;Gustavo Marques;1;5;0;0;0;0;0;0;0;0;0;0;0;8;1;0;0;0;0;0;0;0
avai;Gabriel Kazu;1;5;0;0;0;0;0;0;0;0;0;0;0;1;0;0;0;0;0;0;0;0
avai;Felipinho;2;5;1;0;0;0;0;0;0;0;0;0;0;1;0;2;0;0;0;7;0;0
atletico-go;Gabriel Noga;1;5;0;0;0;0;0;0;0;0;1;0;0;0;0;0;0;0;0;0;0;0
flamengo;Igor Jesus;3;4;0;1;0;0;0;0;0;0;0;0;0;0;0;0;0;0;0;1;0;0
fluminense;Alan;4;4;1;0;0;0;0;0;1;0;0;0;0;0;1;1;0;0;0;2;0;0
america-mg;Kawê;2;4;0;0;0;0;0;0;0;0;0;0;0;0;2;1;1;0;0;3;0;0
avai;Vinícius Jaú;1;4;0;1;0;0;2;0;0;0;0;0;0;0;0;0;0;0;0;1;0;0
ceara;Daniel Mazerochi;1;4;0;0;0;0;0;0;0;0;0;0;0;0;0;1;0;0;0;0;0;0
botafogo;Rikelmi;1;3;0;0;0;0;0;0;0;0;0;0;0;0;0;0;0;0;0;1;0;0
corinthians;Felipe Augusto;3;3;0;0;0;0;0;0;0;0;0;0;0;0;4;4;0;0;0;5;0;0
flamengo;Pedrinho Fonseca;1;3;0;0;0;0;0;0;0;0;0;0;0;0;0;0;0;0;0;1;0;0
athletico-pr;John Mercado;1;3;0;0;0;0;0;0;0;0;0;0;0;0;0;0;0;0;0;2;0;0
palmeiras;Pedro Bicalho;1;3;0;1;0;0;0;0;0;0;0;0;0;0;0;0;0;0;0;0;0;0
juventude;Guilherme Gehring;1;3;0;0;0;0;0;0;0;0;0;0;0;0;0;0;0;0;0;1;0;0
juventude;Kelvi;1;3;0;0;0;0;0;0;0;0;0;0;0;2;1;2;0;0;0;2;0;0
avai;Andrey;1;3;0;0;0;1;0;0;0;0;1;0;0;0;0;0;0;0;0;1;0;0
ceara;Wendell Junior;1;3;0;1;0;1;0;0;0;0;0;0;0;1;1;0;0;0;0;0;0;0
botafogo;Daniel Cruz;2;2;0;1;0;0;0;0;0;0;0;0;0;0;0;0;0;0;0;0;0;0
goias;Matheusinho;1;2;0;0;0;0;0;0;0;0;0;0;0;0;0;0;0;0;0;1;0;0
atletico-go;Leandro Barcia;1;2;0;2;0;1;0;0;0;0;0;0;0;1;1;0;0;0;0;1;0;0
corinthians;Arthur Sousa;1;1;0;1;0;0;0;0;0;0;0;0;0;0;0;0;0;0;0;0;0;0
coritiba;João Vitor;1;1;0;0;0;0;0;0;0;0;0;0;0;0;0;1;0;0;0;1;0;0
santos;Weslley Patati;1;1;0;1;0;0;1;1;0;0;0;0;0;1;0;1;0;0;0;0;0;0
palmeiras;Gabriel Silva;1;1;0;0;0;0;0;0;0;0;0;0;0;0;0;0;0;0;0;1;0;0
goias;Nathan;1;1;0;0;0;0;0;0;0;0;0;0;0;0;0;0;0;0;0;0;0;0
goias;Vitor Hugo;1;1;0;0;0;0;0;0;0;0;0;0;0;0;0;0;0;0;0;1;0;0
ceara;David;1;1;0;0;0;0;0;0;0;0;1;0;0;0;0;0;0;0;0;0;0;0
flamengo;Cleiton;1;0;0;0;0;0;0;0;0;0;0;0;0;0;0;0;0;0;0;0;0;0
flamengo;Daniel Cabral;1;0;0;0;0;0;0;0;0;0;0;0;0;1;0;0;0;0;0;0;0;0
coritiba;Pablo García;1;0;0;0;0;0;0;0;0;0;0;0;0;0;0;0;0;0;0;1;0;0
juventude;Weliton;1;0;0;0;0;0;0;0;0;0;0;0;0;1;0;0;0;0;0;0;0;0
avai;Matheus Ribeiro;1;0;0;1;0;0;0;0;0;0;0;0;0;0;1;0;0;0;0;0;0;0
